block_name,r,g,b,a
acacia_button,168.0,90.0,50.0,255.0
acacia_door,165.5,93.5,58.5,172.0
acacia_fence,168.0,90.0,50.0,255.0
acacia_fence_gate,168.0,90.0,50.0,255.0
acacia_hanging_sign,176.0,93.0,60.0,255.0
acacia_leaves,149.0,148.0,148.0,148.0
acacia_log,129.5,93.0,70.5,255.0
acacia_planks,168.0,90.0,50.0,255.0
acacia_pressure_plate,168.0,90.0,50.0,255.0
acacia_sapling,119.0,117.0,23.0,130.0
acacia_sign,168.0,90.0,50.0,255.0
acacia_slab,168.0,90.0,50.0,255.0
acacia_stairs,168.0,90.0,50.0,255.0
acacia_trapdoor,160.0,89.0,52.0,186.0
acacia_wall_hanging_sign,176.0,93.0,60.0,255.0
acacia_wall_sign,168.0,90.0,50.0,255.0
acacia_wood,103.0,97.0,87.0,255.0
activator_rail,113.0,83.0,69.0,162.0
air,0.0,0.0,0.0,0.0
allium,157.0,135.0,184.0,47.0
amethyst_block,134.0,98.0,191.0,255.0
amethyst_cluster,162.0,125.0,206.0,154.0
ancient_debris,95.0,64.5,56.5,255.0
andesite,136.0,136.0,137.0,255.0
andesite_slab,136.0,136.0,137.0,255.0
andesite_stairs,136.0,136.0,137.0,255.0
andesite_wall,136.0,136.0,137.0,255.0
anvil,73.0,73.0,73.0,177.0
attached_melon_stem,145.5,145.5,145.5,41.0
attached_pumpkin_stem,145.5,145.5,145.5,41.0
azalea,98.5,122.0,46.5,206.5
azalea_leaves,90.0,115.0,44.0,197.0
azure_bluet,168.0,202.0,129.0,53.0
bamboo,93.0,143.0,19.0,255.0
bamboo_block,133.0,142.5,60.0,255.0
bamboo_button,194.0,173.0,81.0,255.0
bamboo_door,195.5,175.0,83.0,225.5
bamboo_fence,206.5,186.0,87.0,209.0
bamboo_fence_gate,206.5,185.5,85.5,225.0
bamboo_hanging_sign,194.0,173.0,81.0,255.0
bamboo_mosaic,190.0,170.0,78.0,255.0
bamboo_mosaic_slab,190.0,170.0,78.0,255.0
bamboo_mosaic_stairs,190.0,170.0,78.0,255.0
bamboo_planks,194.0,173.0,81.0,255.0
bamboo_pressure_plate,194.0,173.0,81.0,255.0
bamboo_sapling,94.0,90.0,35.0,65.0
bamboo_sign,194.0,173.0,81.0,255.0
bamboo_slab,194.0,173.0,81.0,255.0
bamboo_stairs,194.0,173.0,81.0,255.0
bamboo_trapdoor,201.0,182.0,86.0,200.0
bamboo_wall_hanging_sign,194.0,173.0,81.0,255.0
bamboo_wall_sign,194.0,173.0,81.0,255.0
barrel,119.33333333333333,89.0,52.666666666666664,255.0
barrier,0.0,0.0,0.0,0.0
basalt,77.0,77.5,82.5,255.0
beacon,120.5,164.75,169.25,152.0
bedrock,86.0,86.0,86.0,255.0
bee_nest,189.2,147.2,79.2,255.0
beehive,167.8,134.6,82.0,255.0
beetroots,78.0,137.0,39.0,13.0
bell,127.0,95.0,29.5,159.5
big_dripleaf,82.4,130.4,40.0,121.8
big_dripleaf_stem,92.0,114.0,45.0,96.0
birch_button,192.0,175.0,121.0,255.0
birch_door,217.0,205.5,164.5,255.0
birch_fence,192.0,175.0,121.0,255.0
birch_fence_gate,192.0,175.0,121.0,255.0
birch_hanging_sign,198.0,177.0,120.0,255.0
birch_leaves,131.0,129.0,131.0,144.0
birch_log,206.5,198.5,172.5,255.0
birch_planks,192.0,175.0,121.0,255.0
birch_pressure_plate,192.0,175.0,121.0,255.0
birch_sapling,127.0,159.0,79.0,118.0
birch_sign,192.0,175.0,121.0,255.0
birch_slab,192.0,175.0,121.0,255.0
birch_stairs,192.0,175.0,121.0,255.0
birch_trapdoor,213.0,201.0,167.0,255.0
birch_wall_hanging_sign,198.0,177.0,120.0,255.0
birch_wall_sign,192.0,175.0,121.0,255.0
birch_wood,219.0,218.0,213.0,255.0
black_banner,162.0,131.0,79.0,255.0
black_bed,162.0,131.0,79.0,255.0
black_candle,45.0,45.0,60.0,17.0
black_candle_cake,169.2,129.6,115.0,134.2
black_carpet,21.0,21.0,26.0,255.0
black_concrete,8.0,10.0,15.0,255.0
black_concrete_powder,25.0,27.0,32.0,255.0
black_glazed_terracotta,69.0,30.0,32.0,255.0
black_shulker_box,26.0,27.0,31.0,255.0
black_stained_glass,24.0,24.0,24.0,114.0
black_stained_glass_pane,23.0,23.0,23.0,74.0
black_terracotta,37.0,23.0,16.0,255.0
black_wall_banner,162.0,131.0,79.0,255.0
black_wool,21.0,21.0,26.0,255.0
blackstone,42.0,35.5,41.5,255.0
blackstone_slab,42.0,35.666666666666664,41.666666666666664,255.0
blackstone_stairs,42.0,35.666666666666664,41.666666666666664,255.0
blackstone_wall,42.0,35.0,41.0,255.0
blast_furnace,98.0,97.66666666666667,98.0,255.0
blue_banner,162.0,131.0,79.0,255.0
blue_bed,162.0,131.0,79.0,255.0
blue_candle,60.0,75.0,165.0,17.0
blue_candle_cake,172.2,135.6,136.0,134.2
blue_carpet,53.0,57.0,157.0,255.0
blue_concrete,45.0,47.0,143.0,255.0
blue_concrete_powder,70.0,73.0,167.0,255.0
blue_glazed_terracotta,49.0,68.0,145.0,255.0
blue_ice,117.0,168.0,253.0,255.0
blue_orchid,48.0,163.0,173.0,53.0
blue_shulker_box,45.0,47.0,143.0,255.0
blue_stained_glass,49.0,76.0,176.0,114.0
blue_stained_glass_pane,47.0,75.5,174.0,74.0
blue_terracotta,74.0,60.0,91.0,255.0
blue_wall_banner,162.0,131.0,79.0,255.0
blue_wool,53.0,57.0,157.0,255.0
bone_block,219.0,215.5,193.0,255.0
bookshelf,138.5,112.0,68.5,255.0
brain_coral,195.0,84.0,151.0,121.0
brain_coral_block,208.0,92.0,160.0,255.0
brain_coral_fan,204.0,84.0,155.0,100.0
brain_coral_wall_fan,204.0,84.0,155.0,100.0
brewing_stand,120.66666666666667,103.0,87.66666666666667,182.33333333333334
brick_slab,151.0,97.0,83.0,255.0
brick_stairs,151.0,97.0,83.0,255.0
brick_wall,151.0,97.0,83.0,255.0
bricks,151.0,97.0,83.0,255.0
brown_banner,162.0,131.0,79.0,255.0
brown_bed,162.0,131.0,79.0,255.0
brown_candle,105.0,75.0,45.0,17.0
brown_candle_cake,181.2,135.6,112.0,134.2
brown_carpet,114.0,72.0,41.0,255.0
brown_concrete,96.0,60.0,32.0,255.0
brown_concrete_powder,126.0,85.0,54.0,255.0
brown_glazed_terracotta,126.0,106.0,83.0,255.0
brown_mushroom,151.0,115.0,91.0,42.0
brown_mushroom_block,149.0,112.0,81.0,255.0
brown_shulker_box,108.0,67.0,37.0,255.0
brown_stained_glass,100.0,76.0,49.0,114.0
brown_stained_glass_pane,98.5,75.5,47.0,74.0
brown_terracotta,77.0,51.0,36.0,255.0
brown_wall_banner,162.0,131.0,79.0,255.0
brown_wool,114.0,72.0,41.0,255.0
bubble_column,177.0,177.0,177.0,180.0
bubble_coral,161.0,23.0,159.0,144.0
bubble_coral_block,166.0,27.0,163.0,255.0
bubble_coral_fan,161.0,33.0,161.0,114.0
bubble_coral_wall_fan,161.0,33.0,161.0,114.0
budding_amethyst,132.0,96.0,186.0,255.0
cactus,103.5,141.5,55.5,223.0
cake,200.25,150.75,128.75,163.5
calcite,224.0,225.0,221.0,255.0
calibrated_sculk_sensor,6.0,124.0,124.0,37.0
campfire,77.0,73.0,68.0,198.0
candle,225.0,195.0,150.0,17.0
candle_cake,205.2,159.6,133.0,134.2
carrots,51.0,119.0,34.0,15.0
cartography_table,76.71428571428571,54.42857142857143,32.42857142857143,255.0
carved_pumpkin,180.0,105.0,22.0,255.0
cauldron,62.0,61.4,64.0,192.2
cave_air,0.0,0.0,0.0,0.0
cave_vines,90.0,108.0,41.0,155.0
cave_vines_plant,88.0,102.0,38.0,152.0
chain,48.0,57.0,72.0,53.0
chain_command_block,133.0,160.33333333333334,148.0,255.0
cherry_button,227.0,179.0,173.0,255.0
cherry_door,223.5,172.5,166.0,233.0
cherry_fence,227.0,179.0,173.0,255.0
cherry_fence_gate,227.0,179.0,173.0,255.0
cherry_hanging_sign,216.0,146.0,150.0,255.0
cherry_leaves,230.0,172.0,195.0,217.0
cherry_log,125.5,91.5,94.5,255.0
cherry_planks,227.0,179.0,173.0,255.0
cherry_pressure_plate,227.0,179.0,173.0,255.0
cherry_sapling,162.0,116.0,140.0,138.0
cherry_sign,227.0,179.0,173.0,255.0
cherry_slab,227.0,179.0,173.0,255.0
cherry_stairs,227.0,179.0,173.0,255.0
cherry_trapdoor,226.0,178.0,172.0,209.0
cherry_wall_hanging_sign,216.0,146.0,150.0,255.0
cherry_wall_sign,227.0,179.0,173.0,255.0
cherry_wood,55.0,33.0,44.0,255.0
chest,162.0,131.0,79.0,255.0
chipped_anvil,73.0,73.0,73.0,177.0
chiseled_bookshelf,176.0,142.5,87.0,255.0
chiseled_copper,183.0,100.0,73.0,255.0
chiseled_deepslate,55.0,55.0,56.0,255.0
chiseled_nether_bricks,48.0,24.0,28.0,255.0
chiseled_polished_blackstone,54.0,49.0,58.0,255.0
chiseled_quartz_block,232.0,227.0,218.0,255.0
chiseled_red_sandstone,182.0,97.0,29.5,255.0
chiseled_sandstone,220.0,208.5,162.5,255.0
chiseled_stone_bricks,120.0,119.0,120.0,255.0
chiseled_tuff,90.0,95.0,88.0,255.0
chiseled_tuff_bricks,105.0,109.0,101.0,255.0
chorus_flower,162.0,133.0,163.0,255.0
chorus_plant,93.0,57.0,93.0,255.0
clay,161.0,167.0,179.0,255.0
coal_block,16.0,16.0,16.0,255.0
coal_ore,104.0,104.0,103.0,255.0
coarse_dirt,119.0,85.0,59.0,255.0
cobbled_deepslate,77.0,77.0,80.0,255.0
cobbled_deepslate_slab,77.0,77.0,80.0,255.0
cobbled_deepslate_stairs,77.0,77.0,80.0,255.0
cobbled_deepslate_wall,77.0,77.0,80.0,255.0
cobblestone,128.0,127.0,127.0,255.0
cobblestone_slab,128.0,127.0,127.0,255.0
cobblestone_stairs,128.0,127.0,127.0,255.0
cobblestone_wall,128.0,127.0,127.0,255.0
cobweb,229.0,234.0,234.0,112.0
cocoa,133.0,133.0,60.0,42.0
command_block,176.0,134.33333333333334,110.66666666666667,255.0
comparator,155.6,127.0,113.4,164.6
composter,121.4,76.2,35.8,221.8
conduit,158.0,139.0,112.0,166.0
copper_block,193.0,108.0,79.0,255.0
copper_bulb,153.0,85.0,55.0,255.0
copper_door,186.0,106.0,79.0,226.0
copper_grate,192.0,107.0,79.0,171.0
copper_ore,125.0,125.0,119.0,255.0
copper_trapdoor,190.0,105.0,78.0,191.0
cornflower,81.0,121.0,150.0,44.0
cracked_deepslate_bricks,64.0,64.0,65.0,255.0
cracked_deepslate_tiles,53.0,53.0,53.0,255.0
cracked_nether_bricks,40.0,20.0,24.0,255.0
cracked_polished_blackstone_bricks,44.0,38.0,44.0,255.0
cracked_stone_bricks,118.0,118.0,118.0,255.0
crafter,115.5,104.66666666666667,92.16666666666667,255.0
crafting_table,134.85714285714286,105.71428571428571,67.42857142857143,255.0
creeper_head,82.0,62.0,51.0,255.0
creeper_wall_head,82.0,62.0,51.0,255.0
crimson_button,101.0,49.0,71.0,255.0
crimson_door,114.5,54.5,79.0,255.0
crimson_fence,101.0,49.0,71.0,255.0
crimson_fence_gate,101.0,49.0,71.0,255.0
crimson_fungus,144.0,43.0,30.0,76.0
crimson_hanging_sign,138.0,58.0,91.0,255.0
crimson_hyphae,93.0,26.0,30.0,255.0
crimson_nylium,111.66666666666667,32.333333333333336,32.0,255.0
crimson_planks,101.0,49.0,71.0,255.0
crimson_pressure_plate,101.0,49.0,71.0,255.0
crimson_roots,127.0,7.0,40.0,100.0
crimson_sign,101.0,49.0,71.0,255.0
crimson_slab,101.0,49.0,71.0,255.0
crimson_stairs,101.0,49.0,71.0,255.0
crimson_stem,103.5,38.5,51.5,255.0
crimson_trapdoor,104.0,50.0,72.0,207.0
crimson_wall_hanging_sign,138.0,58.0,91.0,255.0
crimson_wall_sign,101.0,49.0,71.0,255.0
crying_obsidian,34.0,10.0,64.0,255.0
cut_copper,191.0,107.0,81.0,255.0
cut_copper_slab,191.0,107.0,81.0,255.0
cut_copper_stairs,191.0,107.0,81.0,255.0
cut_red_sandstone,185.5,100.0,32.0,255.0
cut_red_sandstone_slab,184.0,99.33333333333333,32.0,255.0
cut_sandstone,221.0,210.5,165.0,255.0
cut_sandstone_slab,222.0,211.66666666666666,166.66666666666666,255.0
cyan_banner,162.0,131.0,79.0,255.0
cyan_bed,162.0,131.0,79.0,255.0
cyan_candle,15.0,120.0,120.0,17.0
cyan_candle_cake,163.2,144.6,127.0,134.2
cyan_carpet,21.0,138.0,145.0,255.0
cyan_concrete,21.0,119.0,136.0,255.0
cyan_concrete_powder,37.0,148.0,157.0,255.0
cyan_glazed_terracotta,51.0,116.0,122.0,255.0
cyan_shulker_box,20.0,124.0,137.0,255.0
cyan_stained_glass,76.0,127.0,152.0,114.0
cyan_stained_glass_pane,75.5,123.5,151.0,74.0
cyan_terracotta,87.0,91.0,91.0,255.0
cyan_wall_banner,162.0,131.0,79.0,255.0
cyan_wool,21.0,138.0,145.0,255.0
damaged_anvil,73.0,72.0,72.0,177.0
dandelion,156.0,176.0,45.0,39.0
dark_oak_button,67.0,43.0,20.0,255.0
dark_oak_door,75.0,50.0,24.5,255.0
dark_oak_fence,67.0,43.0,20.0,255.0
dark_oak_fence_gate,67.0,43.0,20.0,255.0
dark_oak_hanging_sign,73.0,57.0,36.0,255.0
dark_oak_leaves,148.0,148.0,148.0,180.0
dark_oak_log,64.0,46.0,24.0,255.0
dark_oak_planks,67.0,43.0,20.0,255.0
dark_oak_pressure_plate,67.0,43.0,20.0,255.0
dark_oak_sapling,59.0,90.0,29.0,129.0
dark_oak_sign,67.0,43.0,20.0,255.0
dark_oak_slab,67.0,43.0,20.0,255.0
dark_oak_stairs,67.0,43.0,20.0,255.0
dark_oak_trapdoor,76.0,50.0,23.0,255.0
dark_oak_wall_hanging_sign,73.0,57.0,36.0,255.0
dark_oak_wall_sign,67.0,43.0,20.0,255.0
dark_oak_wood,60.0,47.0,26.0,255.0
dark_prismarine,52.0,92.0,76.0,255.0
dark_prismarine_slab,52.0,92.0,76.0,255.0
dark_prismarine_stairs,52.0,92.0,76.0,255.0
daylight_detector,101.0,87.5,67.0,255.0
dead_brain_coral,132.0,124.0,120.0,121.0
dead_brain_coral_block,125.0,118.0,115.0,255.0
dead_brain_coral_fan,132.0,124.0,122.0,100.0
dead_brain_coral_wall_fan,132.0,124.0,122.0,100.0
dead_bubble_coral,132.0,123.0,120.0,144.0
dead_bubble_coral_block,132.0,124.0,120.0,255.0
dead_bubble_coral_fan,140.0,134.0,129.0,114.0
dead_bubble_coral_wall_fan,140.0,134.0,129.0,114.0
dead_bush,109.0,78.0,42.0,91.0
dead_fire_coral,137.0,128.0,124.0,119.0
dead_fire_coral_block,132.0,124.0,120.0,255.0
dead_fire_coral_fan,125.0,118.0,114.0,114.0
dead_fire_coral_wall_fan,125.0,118.0,114.0,114.0
dead_horn_coral,142.0,135.0,130.0,113.0
dead_horn_coral_block,133.0,126.0,122.0,255.0
dead_horn_coral_fan,135.0,127.0,122.0,96.0
dead_horn_coral_wall_fan,135.0,127.0,122.0,96.0
dead_tube_coral,118.0,112.0,109.0,166.0
dead_tube_coral_block,131.0,124.0,120.0,255.0
dead_tube_coral_fan,125.0,119.0,116.0,79.0
dead_tube_coral_wall_fan,125.0,119.0,116.0,79.0
decorated_pot,152.0,94.0,68.0,255.0
deepslate,83.0,83.0,85.5,255.0
deepslate_brick_slab,71.0,71.0,71.0,255.0
deepslate_brick_stairs,71.0,71.0,71.0,255.0
deepslate_brick_wall,71.0,71.0,71.0,255.0
deepslate_bricks,71.0,71.0,71.0,255.0
deepslate_coal_ore,73.0,73.0,74.0,255.0
deepslate_copper_ore,93.0,94.0,89.0,255.0
deepslate_diamond_ore,83.0,110.0,110.0,255.0
deepslate_emerald_ore,77.0,107.0,87.0,255.0
deepslate_gold_ore,118.0,104.0,77.0,255.0
deepslate_iron_ore,110.0,102.0,96.0,255.0
deepslate_lapis_ore,79.0,91.0,119.0,255.0
deepslate_redstone_ore,107.0,71.0,73.0,255.0
deepslate_tile_slab,56.0,55.0,56.0,255.0
deepslate_tile_stairs,56.0,55.0,56.0,255.0
deepslate_tile_wall,56.0,55.0,56.0,255.0
deepslate_tiles,56.0,55.0,56.0,255.0
detector_rail,121.0,101.0,87.0,164.0
diamond_block,101.0,239.0,229.0,255.0
diamond_ore,120.0,144.0,143.0,255.0
diorite,189.0,189.0,190.0,255.0
diorite_slab,189.0,189.0,190.0,255.0
diorite_stairs,189.0,189.0,190.0,255.0
diorite_wall,189.0,189.0,190.0,255.0
dirt,134.0,96.0,67.0,255.0
dirt_path,137.75,103.5,66.0,252.25
dispenser,106.5,106.0,106.0,255.0
dragon_egg,13.0,9.0,16.0,255.0
dragon_head,82.0,62.0,51.0,255.0
dragon_wall_head,82.0,62.0,51.0,255.0
dried_kelp_block,43.42857142857143,52.857142857142854,33.857142857142854,255.0
dripstone_block,134.0,107.0,92.0,255.0
dropper,106.0,105.5,105.5,255.0
emerald_block,43.0,206.0,90.0,255.0
emerald_ore,106.0,138.0,114.0,255.0
enchanting_table,51.75,31.75,44.75,241.25
end_gateway,15.0,11.0,25.0,255.0
end_portal,15.0,11.0,25.0,255.0
end_portal_frame,150.25,164.5,123.0,235.5
end_rod,197.0,187.0,178.0,53.0
end_stone,220.0,223.0,158.0,255.0
end_stone_brick_slab,219.0,224.0,162.0,255.0
end_stone_brick_stairs,219.0,224.0,162.0,255.0
end_stone_brick_wall,219.0,224.0,162.0,255.0
end_stone_bricks,219.0,224.0,162.0,255.0
ender_chest,15.0,11.0,25.0,255.0
exposed_chiseled_copper,154.0,119.0,100.0,255.0
exposed_copper,161.0,126.0,104.0,255.0
exposed_copper_bulb,133.0,106.0,89.0,255.0
exposed_copper_door,158.0,120.0,103.5,226.0
exposed_copper_grate,162.0,125.0,104.0,171.0
exposed_copper_trapdoor,161.0,125.0,104.0,191.0
exposed_cut_copper,155.0,122.0,101.0,255.0
exposed_cut_copper_slab,155.0,122.0,101.0,255.0
exposed_cut_copper_stairs,155.0,122.0,101.0,255.0
farmland,138.0,99.0,68.5,255.0
fern,126.0,126.0,126.0,105.0
fire,212.0,139.0,52.0,147.0
fire_coral,167.0,36.0,47.0,119.0
fire_coral_block,164.0,35.0,47.0,255.0
fire_coral_fan,158.0,35.0,46.0,114.0
fire_coral_wall_fan,158.0,35.0,46.0,114.0
fletching_table,183.14285714285714,163.28571428571428,120.85714285714286,255.0
flower_pot,126.66666666666667,78.66666666666667,57.0,123.66666666666667
flowering_azalea,112.0,118.0,69.5,206.5
flowering_azalea_leaves,100.0,111.0,62.0,205.0
frogspawn,105.0,87.0,83.0,58.0
frosted_ice,139.0,181.0,252.0,190.0
furnace,111.0,110.33333333333333,110.33333333333333,255.0
gilded_blackstone,56.0,43.0,39.0,255.0
glass,176.0,213.0,218.0,49.0
glass_pane,171.5,210.5,216.0,43.5
glow_item_frame,182.33333333333334,155.33333333333334,104.33333333333333,255.0
glow_lichen,111.0,131.0,121.0,105.0
glowstone,173.0,132.0,85.0,255.0
gold_block,248.0,211.0,62.0,255.0
gold_ore,147.0,135.0,105.0,255.0
granite,149.0,103.0,86.0,255.0
granite_slab,149.0,103.0,86.0,255.0
granite_stairs,149.0,103.0,86.0,255.0
granite_wall,149.0,103.0,86.0,255.0
grass_block,140.0,120.4,100.8,211.4
gravel,132.0,128.0,127.0,255.0
gray_banner,162.0,131.0,79.0,255.0
gray_bed,162.0,131.0,79.0,255.0
gray_candle,75.0,90.0,90.0,17.0
gray_candle_cake,175.2,138.6,121.0,134.2
gray_carpet,63.0,68.0,72.0,255.0
gray_concrete,55.0,58.0,62.0,255.0
gray_concrete_powder,77.0,81.0,85.0,255.0
gray_glazed_terracotta,83.0,91.0,94.0,255.0
gray_shulker_box,56.0,60.0,64.0,255.0
gray_stained_glass,76.0,76.0,76.0,114.0
gray_stained_glass_pane,75.5,75.5,75.5,74.0
gray_terracotta,58.0,42.0,36.0,255.0
gray_wall_banner,162.0,131.0,79.0,255.0
gray_wool,63.0,68.0,72.0,255.0
green_banner,162.0,131.0,79.0,255.0
green_bed,162.0,131.0,79.0,255.0
green_candle,75.0,90.0,15.0,17.0
green_candle_cake,175.2,138.6,106.0,134.2
green_carpet,85.0,110.0,27.0,255.0
green_concrete,73.0,91.0,36.0,255.0
green_concrete_powder,97.0,119.0,45.0,255.0
green_glazed_terracotta,113.0,139.0,62.0,255.0
green_shulker_box,80.0,102.0,31.0,255.0
green_stained_glass,100.0,127.0,49.0,114.0
green_stained_glass_pane,98.5,123.5,47.0,74.0
green_terracotta,76.0,83.0,42.0,255.0
green_wall_banner,162.0,131.0,79.0,255.0
green_wool,85.0,110.0,27.0,255.0
grindstone,110.0,101.2,92.6,145.4
hanging_roots,163.0,117.0,94.0,78.0
hay_block,167.0,138.5,25.0,255.0
heavy_weighted_pressure_plate,222.0,222.0,222.0,255.0
honey_block,247.25,174.75,44.25,175.0
honeycomb_block,229.0,149.0,30.0,255.0
hopper,63.75,62.5,65.75,224.25
horn_coral,209.0,187.0,63.0,113.0
horn_coral_block,216.0,199.0,66.0,255.0
horn_coral_fan,207.0,183.0,61.0,96.0
horn_coral_wall_fan,207.0,183.0,61.0,96.0
ice,144.0,183.0,253.0,190.0
infested_chiseled_stone_bricks,120.0,119.0,120.0,255.0
infested_cobblestone,128.0,127.0,127.0,255.0
infested_cracked_stone_bricks,118.0,118.0,118.0,255.0
infested_deepslate,83.0,83.0,85.5,255.0
infested_mossy_stone_bricks,116.0,121.0,106.0,255.0
infested_stone,126.0,126.0,126.0,255.0
infested_stone_bricks,122.0,122.0,122.0,255.0
iron_bars,137.0,139.0,135.0,119.0
iron_block,222.0,222.0,222.0,255.0
iron_door,196.0,195.0,195.0,226.0
iron_ore,138.0,130.0,123.0,255.0
iron_trapdoor,204.0,203.0,203.0,214.0
item_frame,169.33333333333334,140.0,95.0,255.0
jack_o_lantern,205.0,131.66666666666666,36.0,255.0
jigsaw,67.28571428571429,58.0,68.57142857142857,255.0
jukebox,94.0,62.5,44.5,255.0
jungle_button,161.0,115.0,81.0,255.0
jungle_door,161.5,117.0,82.0,235.5
jungle_fence,161.0,115.0,81.0,255.0
jungle_fence_gate,161.0,115.0,81.0,255.0
jungle_hanging_sign,172.0,133.0,85.0,255.0
jungle_leaves,157.0,154.0,142.0,175.0
jungle_log,119.5,90.0,49.5,255.0
jungle_planks,161.0,115.0,81.0,255.0
jungle_pressure_plate,161.0,115.0,81.0,255.0
jungle_sapling,47.0,82.0,17.0,102.0
jungle_sign,161.0,115.0,81.0,255.0
jungle_slab,161.0,115.0,81.0,255.0
jungle_stairs,161.0,115.0,81.0,255.0
jungle_trapdoor,157.0,113.0,80.0,203.0
jungle_wall_hanging_sign,172.0,133.0,85.0,255.0
jungle_wall_sign,161.0,115.0,81.0,255.0
jungle_wood,85.0,68.0,25.0,255.0
kelp,86.0,139.0,43.0,53.0
kelp_plant,87.0,129.0,42.0,108.0
ladder,126.0,97.0,55.0,147.0
lantern,106.0,90.0,83.0,101.0
lapis_block,31.0,67.0,140.0,255.0
lapis_ore,104.0,117.0,143.0,255.0
large_amethyst_bud,166.0,130.0,206.0,84.0
large_fern,132.0,132.0,132.0,188.0
lava,212.0,89.0,18.0,255.0
lava_cauldron,87.0,66.0,56.333333333333336,202.66666666666666
lectern,155.66666666666666,121.66666666666667,71.5,255.0
lever,122.66666666666667,115.0,108.33333333333333,178.33333333333334
light,0.0,0.0,0.0,0.0
light_blue_banner,162.0,131.0,79.0,255.0
light_blue_bed,162.0,131.0,79.0,255.0
light_blue_candle,30.0,135.0,195.0,17.0
light_blue_candle_cake,166.2,147.6,142.0,134.2
light_blue_carpet,58.0,175.0,217.0,255.0
light_blue_concrete,36.0,137.0,199.0,255.0
light_blue_concrete_powder,74.0,181.0,214.0,255.0
light_blue_glazed_terracotta,97.0,166.0,209.0,255.0
light_blue_shulker_box,51.0,167.0,213.0,255.0
light_blue_stained_glass,100.0,152.0,214.0,114.0
light_blue_stained_glass_pane,98.5,151.0,212.0,74.0
light_blue_terracotta,114.0,109.0,138.0,255.0
light_blue_wall_banner,162.0,131.0,79.0,255.0
light_blue_wool,58.0,175.0,217.0,255.0
light_gray_banner,162.0,131.0,79.0,255.0
light_gray_bed,162.0,131.0,79.0,255.0
light_gray_candle,120.0,120.0,120.0,17.0
light_gray_candle_cake,184.2,144.6,127.0,134.2
light_gray_carpet,142.0,142.0,135.0,255.0
light_gray_concrete,125.0,125.0,115.0,255.0
light_gray_concrete_powder,155.0,155.0,148.0,255.0
light_gray_glazed_terracotta,145.0,167.0,169.0,255.0
light_gray_shulker_box,127.0,127.0,118.0,255.0
light_gray_stained_glass,152.0,152.0,152.0,114.0
light_gray_stained_glass_pane,151.0,151.0,151.0,74.0
light_gray_terracotta,135.0,107.0,98.0,255.0
light_gray_wall_banner,162.0,131.0,79.0,255.0
light_gray_wool,142.0,142.0,135.0,255.0
light_weighted_pressure_plate,248.0,211.0,62.0,255.0
lightning_rod,197.0,115.0,82.0,31.0
lilac,135.0,124.0,122.0,100.0
lily_of_the_valley,125.0,174.0,97.0,63.0
lily_pad,135.0,135.0,135.0,171.0
lime_banner,162.0,131.0,79.0,255.0
lime_bed,162.0,131.0,79.0,255.0
lime_candle,105.0,165.0,30.0,17.0
lime_candle_cake,181.2,153.6,109.0,134.2
lime_carpet,112.0,185.0,26.0,255.0
lime_concrete,94.0,169.0,25.0,255.0
lime_concrete_powder,126.0,189.0,42.0,255.0
lime_glazed_terracotta,163.0,197.0,54.0,255.0
lime_shulker_box,102.0,175.0,23.0,255.0
lime_stained_glass,127.0,203.0,24.0,114.0
lime_stained_glass_pane,123.5,199.0,23.0,74.0
lime_terracotta,103.0,118.0,53.0,255.0
lime_wall_banner,162.0,131.0,79.0,255.0
lime_wool,112.0,185.0,26.0,255.0
lodestone,130.5,132.0,135.5,255.0
loom,126.75,98.75,70.75,255.0
magenta_banner,162.0,131.0,79.0,255.0
magenta_bed,162.0,131.0,79.0,255.0
magenta_candle,150.0,45.0,150.0,17.0
magenta_candle_cake,190.2,129.6,133.0,134.2
magenta_carpet,189.0,69.0,180.0,255.0
magenta_concrete,169.0,48.0,159.0,255.0
magenta_concrete_powder,193.0,84.0,185.0,255.0
magenta_glazed_terracotta,207.0,99.0,190.0,255.0
magenta_shulker_box,176.0,56.0,166.0,255.0
magenta_stained_glass,176.0,76.0,214.0,114.0
magenta_stained_glass_pane,174.0,75.5,212.0,74.0
magenta_terracotta,150.0,88.0,109.0,255.0
magenta_wall_banner,162.0,131.0,79.0,255.0
magenta_wool,189.0,69.0,180.0,255.0
magma_block,142.0,63.0,32.0,255.0
mangrove_button,118.0,54.0,49.0,255.0
mangrove_door,112.5,48.0,46.5,255.0
mangrove_fence,118.0,54.0,49.0,255.0
mangrove_fence_gate,118.0,54.0,49.0,255.0
mangrove_hanging_sign,120.0,55.0,48.0,255.0
mangrove_leaves,129.0,128.0,128.0,213.0
mangrove_log,94.0,57.0,41.5,255.0
mangrove_planks,118.0,54.0,49.0,255.0
mangrove_pressure_plate,118.0,54.0,49.0,255.0
mangrove_propagule,98.0,176.0,85.0,39.0
mangrove_roots,74.5,59.5,38.5,157.5
mangrove_sign,118.0,54.0,49.0,255.0
mangrove_slab,118.0,54.0,49.0,255.0
mangrove_stairs,118.0,54.0,49.0,255.0
mangrove_trapdoor,111.0,46.0,43.0,212.0
mangrove_wall_hanging_sign,120.0,55.0,48.0,255.0
mangrove_wall_sign,118.0,54.0,49.0,255.0
mangrove_wood,84.0,67.0,41.0,255.0
medium_amethyst_bud,161.0,122.0,201.0,52.0
melon,112.0,144.5,30.5,255.0
melon_stem,154.0,154.0,154.0,43.0
moss_block,89.0,110.0,45.0,255.0
moss_carpet,89.0,110.0,45.0,255.0
mossy_cobblestone,109.0,118.0,93.0,255.0
mossy_cobblestone_slab,109.0,118.0,93.0,255.0
mossy_cobblestone_stairs,109.0,118.0,93.0,255.0
mossy_cobblestone_wall,109.0,118.0,93.0,255.0
mossy_stone_brick_slab,116.0,121.0,106.0,255.0
mossy_stone_brick_stairs,116.0,121.0,106.0,255.0
mossy_stone_brick_wall,116.0,121.0,106.0,255.0
mossy_stone_bricks,116.0,121.0,106.0,255.0
moving_piston,110.0,105.0,98.0,255.0
mud,60.0,58.0,61.0,255.0
mud_brick_slab,137.0,104.0,79.0,255.0
mud_brick_stairs,137.0,104.0,79.0,255.0
mud_brick_wall,137.0,104.0,79.0,255.0
mud_bricks,137.0,104.0,79.0,255.0
muddy_mangrove_roots,69.0,59.0,47.0,255.0
mushroom_stem,203.0,196.0,185.0,255.0
mycelium,119.0,94.0,79.66666666666667,255.0
nether_brick_fence,44.0,22.0,26.0,255.0
nether_brick_slab,44.0,22.0,26.0,255.0
nether_brick_stairs,44.0,22.0,26.0,255.0
nether_brick_wall,44.0,22.0,26.0,255.0
nether_bricks,44.0,22.0,26.0,255.0
nether_gold_ore,118.0,57.0,43.0,255.0
nether_portal,89.0,12.0,193.0,191.0
nether_quartz_ore,122.0,71.0,67.0,255.0
nether_sprouts,18.0,160.0,132.0,27.0
nether_wart,124.0,18.0,24.0,41.0
nether_wart_block,114.0,3.0,2.0,255.0
netherite_block,68.0,63.0,66.0,255.0
netherrack,98.0,38.0,38.0,255.0
note_block,92.0,60.0,41.0,255.0
oak_button,162.0,131.0,79.0,255.0
oak_door,139.5,109.5,63.5,226.0
oak_fence,162.0,131.0,79.0,255.0
oak_fence_gate,162.0,131.0,79.0,255.0
oak_hanging_sign,179.0,146.0,87.0,255.0
oak_leaves,142.0,142.0,142.0,172.0
oak_log,132.5,105.0,63.0,255.0
oak_planks,162.0,131.0,79.0,255.0
oak_pressure_plate,162.0,131.0,79.0,255.0
oak_sapling,77.0,104.0,41.0,129.0
oak_sign,162.0,131.0,79.0,255.0
oak_slab,162.0,131.0,79.0,255.0
oak_stairs,162.0,131.0,79.0,255.0
oak_trapdoor,128.0,102.0,58.0,214.0
oak_wall_hanging_sign,179.0,146.0,87.0,255.0
oak_wall_sign,162.0,131.0,79.0,255.0
oak_wood,109.0,85.0,51.0,255.0
observer,92.4,91.4,91.4,255.0
obsidian,15.0,11.0,25.0,255.0
ochre_froglight,249.5,243.0,202.0,255.0
orange_banner,162.0,131.0,79.0,255.0
orange_bed,162.0,131.0,79.0,255.0
orange_candle,210.0,105.0,15.0,17.0
orange_candle_cake,202.2,141.6,106.0,134.2
orange_carpet,241.0,118.0,20.0,255.0
orange_concrete,224.0,97.0,1.0,255.0
orange_concrete_powder,227.0,132.0,32.0,255.0
orange_glazed_terracotta,163.0,146.0,87.0,255.0
orange_shulker_box,236.0,108.0,10.0,255.0
orange_stained_glass,214.0,127.0,49.0,114.0
orange_stained_glass_pane,212.0,123.5,47.0,74.0
orange_terracotta,162.0,84.0,38.0,255.0
orange_tulip,95.0,140.0,30.0,51.0
orange_wall_banner,162.0,131.0,79.0,255.0
orange_wool,241.0,118.0,20.0,255.0
oxeye_daisy,182.0,206.0,145.0,63.0
oxidized_chiseled_copper,83.0,161.0,132.0,255.0
oxidized_copper,83.0,164.0,134.0,255.0
oxidized_copper_bulb,69.0,131.0,108.0,255.0
oxidized_copper_door,80.5,157.0,130.5,226.0
oxidized_copper_grate,82.0,162.0,132.0,171.0
oxidized_copper_trapdoor,84.0,162.0,133.0,191.0
oxidized_cut_copper,80.0,154.0,127.0,255.0
oxidized_cut_copper_slab,80.0,154.0,127.0,255.0
oxidized_cut_copper_stairs,80.0,154.0,127.0,255.0
packed_ice,141.0,180.0,250.0,255.0
packed_mud,143.0,107.0,80.0,255.0
pearlescent_froglight,243.5,237.5,238.0,255.0
peony,87.0,101.0,93.0,161.0
petrified_oak_slab,162.0,131.0,79.0,255.0
piglin_head,82.0,62.0,51.0,255.0
piglin_wall_head,82.0,62.0,51.0,255.0
pink_banner,162.0,131.0,79.0,255.0
pink_bed,162.0,131.0,79.0,255.0
pink_candle,210.0,105.0,135.0,17.0
pink_candle_cake,202.2,141.6,130.0,134.2
pink_carpet,238.0,141.0,173.0,255.0
pink_concrete,214.0,101.0,143.0,255.0
pink_concrete_powder,229.0,154.0,181.0,255.0
pink_glazed_terracotta,237.0,156.0,183.0,255.0
pink_petals,251.0,218.0,237.0,54.5
pink_shulker_box,233.0,125.0,160.0,255.0
pink_stained_glass,241.0,127.0,165.0,114.0
pink_stained_glass_pane,236.5,123.5,161.0,74.0
pink_terracotta,162.0,78.0,79.0,255.0
pink_tulip,100.0,155.0,80.0,51.0
pink_wall_banner,162.0,131.0,79.0,255.0
pink_wool,238.0,141.0,173.0,255.0
piston,120.66666666666667,110.33333333333333,93.0,255.0
piston_head,138.0,119.0,86.66666666666667,255.0
pitcher_crop,166.5,129.0,80.0,118.5
pitcher_plant,102.0,124.0,88.0,92.0
player_head,82.0,62.0,51.0,255.0
player_wall_head,82.0,62.0,51.0,255.0
podzol,116.66666666666667,82.33333333333333,49.666666666666664,255.0
pointed_dripstone,128.0,102.0,88.0,236.0
polished_andesite,132.0,135.0,134.0,255.0
polished_andesite_slab,132.0,135.0,134.0,255.0
polished_andesite_stairs,132.0,135.0,134.0,255.0
polished_basalt,96.5,95.5,98.0,255.0
polished_blackstone,53.0,49.0,57.0,255.0
polished_blackstone_brick_slab,48.0,43.0,50.0,255.0
polished_blackstone_brick_stairs,48.0,43.0,50.0,255.0
polished_blackstone_brick_wall,48.0,43.0,50.0,255.0
polished_blackstone_bricks,48.0,43.0,50.0,255.0
polished_blackstone_button,53.0,49.0,57.0,255.0
polished_blackstone_pressure_plate,53.0,49.0,57.0,255.0
polished_blackstone_slab,53.0,49.0,57.0,255.0
polished_blackstone_stairs,53.0,49.0,57.0,255.0
polished_blackstone_wall,53.0,49.0,57.0,255.0
polished_deepslate,72.0,72.0,73.0,255.0
polished_deepslate_slab,72.0,72.0,73.0,255.0
polished_deepslate_stairs,72.0,72.0,73.0,255.0
polished_deepslate_wall,72.0,72.0,73.0,255.0
polished_diorite,195.0,195.0,197.0,255.0
polished_diorite_slab,195.0,195.0,197.0,255.0
polished_diorite_stairs,195.0,195.0,197.0,255.0
polished_granite,155.0,107.0,89.0,255.0
polished_granite_slab,155.0,107.0,89.0,255.0
polished_granite_stairs,155.0,107.0,89.0,255.0
polished_tuff,98.0,104.0,100.0,255.0
polished_tuff_slab,98.0,104.0,100.0,255.0
polished_tuff_stairs,98.0,104.0,100.0,255.0
polished_tuff_wall,98.0,104.0,100.0,255.0
poppy,136.0,65.0,35.0,43.0
potatoes,51.0,119.0,34.0,15.0
potted_acacia_sapling,119.0,117.0,23.0,130.0
potted_allium,157.0,135.0,184.0,47.0
potted_azalea_bush,96.33333333333333,116.66666666666667,45.0,84.66666666666667
potted_azure_bluet,168.0,202.0,129.0,53.0
potted_bamboo,111.6,101.2,46.4,127.6
potted_birch_sapling,127.0,159.0,79.0,118.0
potted_blue_orchid,48.0,163.0,173.0,53.0
potted_brown_mushroom,151.0,115.0,91.0,42.0
potted_cactus,105.25,100.0,48.0,140.5
potted_cherry_sapling,162.0,116.0,140.0,138.0
potted_cornflower,81.0,121.0,150.0,44.0
potted_crimson_fungus,144.0,43.0,30.0,76.0
potted_crimson_roots,129.0,7.0,43.0,71.0
potted_dandelion,156.0,176.0,45.0,39.0
potted_dark_oak_sapling,59.0,90.0,29.0,129.0
potted_dead_bush,109.0,78.0,42.0,91.0
potted_fern,126.0,126.0,126.0,105.0
potted_flowering_azalea_bush,108.66666666666667,112.66666666666667,66.33333333333333,84.66666666666667
potted_jungle_sapling,47.0,82.0,17.0,102.0
potted_lily_of_the_valley,125.0,174.0,97.0,63.0
potted_mangrove_propagule,119.5,103.0,64.0,102.5
potted_oak_sapling,77.0,104.0,41.0,129.0
potted_orange_tulip,95.0,140.0,30.0,51.0
potted_oxeye_daisy,182.0,206.0,145.0,63.0
potted_pink_tulip,100.0,155.0,80.0,51.0
potted_poppy,136.0,65.0,35.0,43.0
potted_red_mushroom,214.0,67.0,60.0,38.0
potted_red_tulip,91.0,129.0,33.0,61.0
potted_spruce_sapling,45.0,60.0,37.0,101.0
potted_torchflower,105.0,102.0,77.0,109.0
potted_warped_fungus,78.0,111.0,90.0,62.0
potted_warped_roots,18.0,136.0,124.0,82.0
potted_white_tulip,95.0,163.0,72.0,56.0
potted_wither_rose,38.0,44.0,22.0,46.0
powder_snow,248.0,253.0,253.0,255.0
powder_snow_cauldron,93.0,93.33333333333333,95.5,202.66666666666666
powered_rail,138.0,106.0,69.0,179.0
prismarine,99.0,156.0,150.0,255.0
prismarine_brick_slab,100.0,172.0,159.0,255.0
prismarine_brick_stairs,100.0,172.0,159.0,255.0
prismarine_bricks,100.0,172.0,159.0,255.0
prismarine_slab,99.0,156.0,150.0,255.0
prismarine_stairs,99.0,156.0,150.0,255.0
prismarine_wall,99.0,156.0,150.0,255.0
pumpkin,197.5,117.5,24.5,255.0
pumpkin_stem,154.0,154.0,154.0,43.0
purple_banner,162.0,131.0,79.0,255.0
purple_bed,162.0,131.0,79.0,255.0
purple_candle,105.0,30.0,150.0,17.0
purple_candle_cake,181.2,126.6,133.0,134.2
purple_carpet,122.0,42.0,173.0,255.0
purple_concrete,100.0,32.0,156.0,255.0
purple_concrete_powder,132.0,56.0,178.0,255.0
purple_glazed_terracotta,109.0,49.0,151.0,255.0
purple_shulker_box,105.0,33.0,159.0,255.0
purple_stained_glass,127.0,62.0,176.0,114.0
purple_stained_glass_pane,123.5,61.0,174.0,74.0
purple_terracotta,118.0,70.0,86.0,255.0
purple_wall_banner,162.0,131.0,79.0,255.0
purple_wool,122.0,42.0,173.0,255.0
purpur_block,170.0,126.0,170.0,255.0
purpur_pillar,171.5,128.0,171.5,255.0
purpur_slab,170.0,126.0,170.0,255.0
purpur_stairs,170.0,126.0,170.0,255.0
quartz_block,236.0,230.0,223.0,255.0
quartz_bricks,235.0,229.0,222.0,255.0
quartz_pillar,236.0,230.5,224.0,255.0
quartz_slab,236.0,230.0,223.0,255.0
quartz_stairs,236.0,230.0,223.0,255.0
rail,124.0,111.0,86.0,147.0
raw_copper_block,156.0,106.0,79.0,255.0
raw_gold_block,221.0,168.0,47.0,255.0
raw_iron_block,166.0,136.0,108.0,255.0
red_banner,162.0,131.0,79.0,255.0
red_bed,162.0,131.0,79.0,255.0
red_candle,150.0,30.0,30.0,17.0
red_candle_cake,190.2,126.6,109.0,134.2
red_carpet,161.0,39.0,35.0,255.0
red_concrete,142.0,33.0,33.0,255.0
red_concrete_powder,168.0,54.0,51.0,255.0
red_glazed_terracotta,182.0,59.0,52.0,255.0
red_mushroom,214.0,67.0,60.0,38.0
red_mushroom_block,201.0,48.0,46.0,255.0
red_nether_brick_slab,70.0,7.0,9.0,255.0
red_nether_brick_stairs,70.0,7.0,9.0,255.0
red_nether_brick_wall,70.0,7.0,9.0,255.0
red_nether_bricks,70.0,7.0,9.0,255.0
red_sand,190.0,103.0,33.0,255.0
red_sandstone,184.66666666666666,98.66666666666667,30.0,255.0
red_sandstone_slab,184.66666666666666,98.66666666666667,30.0,255.0
red_sandstone_stairs,184.66666666666666,98.66666666666667,30.0,255.0
red_sandstone_wall,187.0,99.0,29.0,255.0
red_shulker_box,143.0,32.0,31.0,255.0
red_stained_glass,152.0,49.0,49.0,114.0
red_stained_glass_pane,151.0,47.0,47.0,74.0
red_terracotta,143.0,61.0,47.0,255.0
red_tulip,91.0,129.0,33.0,61.0
red_wall_banner,162.0,131.0,79.0,255.0
red_wool,161.0,39.0,35.0,255.0
redstone_block,168.0,23.0,4.0,255.0
redstone_lamp,100.0,58.0,31.0,255.0
redstone_ore,143.0,107.0,107.0,255.0
redstone_torch,102.0,71.0,40.0,25.0
redstone_wall_torch,102.0,71.0,40.0,25.0
redstone_wire,160.66666666666666,160.66666666666666,160.66666666666666,26.0
reinforced_deepslate,83.66666666666667,87.33333333333333,83.66666666666667,255.0
repeater,145.75,135.5,127.25,197.5
repeating_command_block,130.66666666666666,113.0,169.66666666666666,255.0
respawn_anchor,33.666666666666664,17.666666666666668,56.333333333333336,255.0
rooted_dirt,144.0,103.0,76.0,255.0
rose_bush,97.0,85.0,38.0,194.0
sand,219.0,207.0,163.0,255.0
sandstone,218.66666666666666,206.33333333333334,160.33333333333334,255.0
sandstone_slab,218.66666666666666,206.33333333333334,160.33333333333334,255.0
sandstone_stairs,218.66666666666666,206.33333333333334,160.33333333333334,255.0
sandstone_wall,216.0,203.0,156.0,255.0
scaffolding,180.25,149.75,76.0,163.0
sculk,13.0,30.0,36.0,255.0
sculk_catalyst,59.0,77.0,78.0,255.0
sculk_sensor,6.0,124.0,124.0,37.0
sculk_shrieker,66.4,83.6,78.2,201.2
sculk_vein,8.0,48.0,57.0,177.0
sea_lantern,178.0,204.0,194.0,255.0
sea_pickle,90.0,97.0,37.0,223.0
seagrass,49.0,125.0,6.0,77.0
short_grass,147.0,147.0,147.0,145.0
shroomlight,243.0,151.0,76.0,255.0
shulker_box,142.0,98.0,142.0,255.0
skeleton_skull,82.0,62.0,51.0,255.0
skeleton_wall_skull,82.0,62.0,51.0,255.0
slime_block,110.0,191.0,90.0,180.0
small_amethyst_bud,136.0,102.0,195.0,30.0
small_dripleaf,95.0,119.0,45.5,72.5
smithing_table,59.142857142857146,38.714285714285715,39.42857142857143,255.0
smoker,95.5,90.0,81.5,255.0
smooth_basalt,72.0,72.0,78.0,255.0
smooth_quartz,237.0,230.0,224.0,255.0
smooth_quartz_slab,237.0,230.0,224.0,255.0
smooth_quartz_stairs,237.0,230.0,224.0,255.0
smooth_red_sandstone,181.0,98.0,32.0,255.0
smooth_red_sandstone_slab,181.0,98.0,32.0,255.0
smooth_red_sandstone_stairs,181.0,98.0,32.0,255.0
smooth_sandstone,224.0,214.0,170.0,255.0
smooth_sandstone_slab,224.0,214.0,170.0,255.0
smooth_sandstone_stairs,224.0,214.0,170.0,255.0
smooth_stone,161.0,161.0,161.0,255.0
smooth_stone_slab,163.33333333333334,163.33333333333334,163.33333333333334,255.0
sniffer_egg,97.5,71.16666666666667,48.333333333333336,203.33333333333334
snow,249.0,254.0,254.0,255.0
snow_block,249.0,254.0,254.0,255.0
soul_campfire,77.0,73.0,68.0,198.0
soul_fire,53.0,193.0,197.5,147.0
soul_lantern,70.0,100.0,116.0,101.0
soul_sand,82.0,62.0,51.0,255.0
soul_soil,76.0,58.0,47.0,255.0
soul_torch,112.0,122.0,91.0,25.0
soul_wall_torch,112.0,122.0,91.0,25.0
spawner,37.0,47.0,65.0,172.0
sponge,196.0,193.0,75.0,255.0
spore_blossom,179.33333333333334,113.66666666666667,125.33333333333333,152.33333333333334
spruce_button,115.0,85.0,49.0,255.0
spruce_door,106.0,80.0,48.5,255.0
spruce_fence,115.0,85.0,49.0,255.0
spruce_fence_gate,115.0,85.0,49.0,255.0
spruce_hanging_sign,117.0,90.0,53.0,255.0
spruce_leaves,125.0,125.0,125.0,159.0
spruce_log,85.0,60.0,32.5,255.0
spruce_planks,115.0,85.0,49.0,255.0
spruce_pressure_plate,115.0,85.0,49.0,255.0
spruce_sapling,45.0,60.0,37.0,101.0
spruce_sign,115.0,85.0,49.0,255.0
spruce_slab,115.0,85.0,49.0,255.0
spruce_stairs,115.0,85.0,49.0,255.0
spruce_trapdoor,104.0,79.0,48.0,255.0
spruce_wall_hanging_sign,117.0,90.0,53.0,255.0
spruce_wall_sign,115.0,85.0,49.0,255.0
spruce_wood,59.0,38.0,17.0,255.0
sticky_piston,109.33333333333333,118.66666666666667,95.66666666666667,255.0
stone,126.0,126.0,126.0,255.0
stone_brick_slab,122.0,122.0,122.0,255.0
stone_brick_stairs,122.0,122.0,122.0,255.0
stone_brick_wall,122.0,122.0,122.0,255.0
stone_bricks,122.0,122.0,122.0,255.0
stone_button,126.0,126.0,126.0,255.0
stone_pressure_plate,126.0,126.0,126.0,255.0
stone_slab,126.0,126.0,126.0,255.0
stone_stairs,126.0,126.0,126.0,255.0
stonecutter,138.8,135.0,131.6,199.6
stripped_acacia_log,171.5,92.0,55.5,255.0
stripped_acacia_wood,176.0,93.0,60.0,255.0
stripped_bamboo_block,186.0,166.0,77.0,255.0
stripped_birch_log,195.0,175.0,119.0,255.0
stripped_birch_wood,198.0,177.0,120.0,255.0
stripped_cherry_log,219.5,156.5,155.0,255.0
stripped_cherry_wood,216.0,146.0,150.0,255.0
stripped_crimson_hyphae,138.0,58.0,91.0,255.0
stripped_crimson_stem,129.0,57.0,86.5,255.0
stripped_dark_oak_log,70.0,50.5,29.0,255.0
stripped_dark_oak_wood,73.0,57.0,36.0,255.0
stripped_jungle_log,169.0,127.5,83.5,255.0
stripped_jungle_wood,172.0,133.0,85.0,255.0
stripped_mangrove_log,114.5,49.0,45.5,255.0
stripped_mangrove_wood,120.0,55.0,48.0,255.0
stripped_oak_log,170.5,138.5,82.5,255.0
stripped_oak_wood,179.0,146.0,87.0,255.0
stripped_spruce_log,112.5,86.0,50.5,255.0
stripped_spruce_wood,117.0,90.0,53.0,255.0
stripped_warped_hyphae,58.0,152.0,149.0,255.0
stripped_warped_stem,55.0,139.5,135.5,255.0
structure_block,73.0,62.0,75.0,255.0
structure_void,0.0,0.0,0.0,0.0
sugar_cane,149.0,192.0,100.0,142.0
sunflower,56.0,135.0,30.0,68.0
suspicious_gravel,129.0,125.0,124.0,255.0
suspicious_sand,217.0,204.0,159.0,255.0
sweet_berry_bush,43.0,90.0,56.0,59.0
tall_grass,129.0,128.0,129.0,189.0
tall_seagrass,44.0,117.0,3.0,148.0
target,227.5,173.0,163.0,255.0
terracotta,152.0,94.0,68.0,255.0
tinted_glass,42.0,38.0,44.0,125.0
tnt,160.0,74.0,66.33333333333333,255.0
torch,142.0,112.0,61.0,25.0
torchflower,105.0,102.0,77.0,109.0
torchflower_crop,28.0,94.0,66.0,27.0
trapped_chest,162.0,131.0,79.0,255.0
trial_spawner,51.333333333333336,68.33333333333333,83.66666666666667,208.66666666666666
tripwire,123.0,123.0,123.0,29.0
tripwire_hook,155.66666666666666,132.0,92.66666666666667,189.0
tube_coral,47.0,84.0,198.0,166.0
tube_coral_block,49.0,88.0,207.0,255.0
tube_coral_fan,51.0,90.0,209.0,79.0
tube_coral_wall_fan,51.0,90.0,209.0,79.0
tuff,109.0,109.0,103.0,255.0
tuff_brick_slab,98.0,103.0,95.0,255.0
tuff_brick_stairs,98.0,103.0,95.0,255.0
tuff_brick_wall,98.0,103.0,95.0,255.0
tuff_bricks,98.0,103.0,95.0,255.0
tuff_slab,109.0,109.0,103.0,255.0
tuff_stairs,109.0,109.0,103.0,255.0
tuff_wall,109.0,109.0,103.0,255.0
turtle_egg,229.0,227.0,192.0,138.0
twisting_vines,21.0,145.0,127.0,84.0
twisting_vines_plant,19.0,136.0,121.0,103.0
verdant_froglight,226.0,243.0,224.5,255.0
vine,116.0,116.0,116.0,145.0
void_air,0.0,0.0,0.0,0.0
wall_torch,142.0,112.0,61.0,25.0
warped_button,43.0,105.0,99.0,255.0
warped_door,44.0,122.5,116.0,255.0
warped_fence,43.0,105.0,99.0,255.0
warped_fence_gate,43.0,105.0,99.0,255.0
warped_fungus,78.0,111.0,90.0,62.0
warped_hanging_sign,58.0,152.0,149.0,255.0
warped_hyphae,58.0,59.0,78.0,255.0
warped_nylium,71.66666666666667,71.0,65.66666666666667,255.0
warped_planks,43.0,105.0,99.0,255.0
warped_pressure_plate,43.0,105.0,99.0,255.0
warped_roots,20.0,137.0,125.0,102.0
warped_sign,43.0,105.0,99.0,255.0
warped_slab,43.0,105.0,99.0,255.0
warped_stairs,43.0,105.0,99.0,255.0
warped_stem,55.5,86.0,95.0,255.0
warped_trapdoor,47.0,122.0,113.0,188.0
warped_wall_hanging_sign,58.0,152.0,149.0,255.0
warped_wall_sign,43.0,105.0,99.0,255.0
warped_wart_block,23.0,120.0,121.0,255.0
water,177.0,177.0,177.0,180.0
water_cauldron,81.16666666666667,80.66666666666667,82.83333333333333,190.16666666666666
waxed_chiseled_copper,183.0,100.0,73.0,255.0
waxed_copper_block,193.0,108.0,79.0,255.0
waxed_copper_bulb,153.0,85.0,55.0,255.0
waxed_copper_door,186.0,106.0,79.0,226.0
waxed_copper_grate,192.0,107.0,79.0,171.0
waxed_copper_trapdoor,190.0,105.0,78.0,191.0
waxed_cut_copper,191.0,107.0,81.0,255.0
waxed_cut_copper_slab,191.0,107.0,81.0,255.0
waxed_cut_copper_stairs,191.0,107.0,81.0,255.0
waxed_exposed_chiseled_copper,154.0,119.0,100.0,255.0
waxed_exposed_copper,161.0,126.0,104.0,255.0
waxed_exposed_copper_bulb,133.0,106.0,89.0,255.0
waxed_exposed_copper_door,158.0,120.0,103.5,226.0
waxed_exposed_copper_grate,162.0,125.0,104.0,171.0
waxed_exposed_copper_trapdoor,161.0,125.0,104.0,191.0
waxed_exposed_cut_copper,155.0,122.0,101.0,255.0
waxed_exposed_cut_copper_slab,155.0,122.0,101.0,255.0
waxed_exposed_cut_copper_stairs,155.0,122.0,101.0,255.0
waxed_oxidized_chiseled_copper,83.0,161.0,132.0,255.0
waxed_oxidized_copper,83.0,164.0,134.0,255.0
waxed_oxidized_copper_bulb,69.0,131.0,108.0,255.0
waxed_oxidized_copper_door,80.5,157.0,130.5,226.0
waxed_oxidized_copper_grate,82.0,162.0,132.0,171.0
waxed_oxidized_copper_trapdoor,84.0,162.0,133.0,191.0
waxed_oxidized_cut_copper,80.0,154.0,127.0,255.0
waxed_oxidized_cut_copper_slab,80.0,154.0,127.0,255.0
waxed_oxidized_cut_copper_stairs,80.0,154.0,127.0,255.0
waxed_weathered_chiseled_copper,105.0,150.0,110.0,255.0
waxed_weathered_copper,108.0,154.0,111.0,255.0
waxed_weathered_copper_bulb,91.0,125.0,99.0,255.0
waxed_weathered_copper_door,109.0,147.0,105.0,226.0
waxed_weathered_copper_grate,105.0,153.0,110.0,171.0
waxed_weathered_copper_trapdoor,109.0,154.0,110.0,191.0
waxed_weathered_cut_copper,109.0,145.0,107.0,255.0
waxed_weathered_cut_copper_slab,109.0,145.0,107.0,255.0
waxed_weathered_cut_copper_stairs,109.0,145.0,107.0,255.0
weathered_chiseled_copper,105.0,150.0,110.0,255.0
weathered_copper,108.0,154.0,111.0,255.0
weathered_copper_bulb,91.0,125.0,99.0,255.0
weathered_copper_door,109.0,147.0,105.0,226.0
weathered_copper_grate,105.0,153.0,110.0,171.0
weathered_copper_trapdoor,109.0,154.0,110.0,191.0
weathered_cut_copper,109.0,145.0,107.0,255.0
weathered_cut_copper_slab,109.0,145.0,107.0,255.0
weathered_cut_copper_stairs,109.0,145.0,107.0,255.0
weeping_vines,105.0,0.0,0.0,29.0
weeping_vines_plant,131.0,16.0,12.0,122.0
wet_sponge,170.0,180.0,70.0,255.0
wheat,0.0,127.0,0.0,6.0
white_banner,162.0,131.0,79.0,255.0
white_bed,162.0,131.0,79.0,255.0
white_candle,210.0,210.0,210.0,17.0
white_candle_cake,202.2,162.6,145.0,134.2
white_carpet,234.0,236.0,237.0,255.0
white_concrete,207.0,213.0,214.0,255.0
white_concrete_powder,226.0,228.0,228.0,255.0
white_glazed_terracotta,185.0,211.0,206.0,255.0
white_shulker_box,218.0,223.0,223.0,255.0
white_stained_glass,255.0,255.0,255.0,114.0
white_stained_glass_pane,251.0,251.0,251.0,74.0
white_terracotta,210.0,178.0,161.0,255.0
white_tulip,95.0,163.0,72.0,56.0
white_wall_banner,162.0,131.0,79.0,255.0
white_wool,234.0,236.0,237.0,255.0
wither_rose,38.0,44.0,22.0,46.0
wither_skeleton_skull,82.0,62.0,51.0,255.0
wither_skeleton_wall_skull,82.0,62.0,51.0,255.0
yellow_banner,162.0,131.0,79.0,255.0
yellow_bed,162.0,131.0,79.0,255.0
yellow_candle,210.0,165.0,45.0,17.0
yellow_candle_cake,202.2,153.6,112.0,134.2
yellow_carpet,249.0,198.0,40.0,255.0
yellow_concrete,241.0,175.0,21.0,255.0
yellow_concrete_powder,233.0,199.0,55.0,255.0
yellow_glazed_terracotta,236.0,195.0,92.0,255.0
yellow_shulker_box,249.0,190.0,30.0,255.0
yellow_stained_glass,228.0,228.0,49.0,114.0
yellow_stained_glass_pane,226.5,226.5,47.0,74.0
yellow_terracotta,186.0,133.0,35.0,255.0
yellow_wall_banner,162.0,131.0,79.0,255.0
yellow_wool,249.0,198.0,40.0,255.0
zombie_head,82.0,62.0,51.0,255.0
zombie_wall_head,82.0,62.0,51.0,255.0
